{
  "hash": "c210a12f",
  "configHash": "7de318b6",
  "lockfileHash": "701630c6",
  "browserHash": "4fd8e0f4",
  "optimized": {
    "@angular/common/http": {
      "src": "../../../../../../node_modules/@angular/common/fesm2022/http.mjs",
      "file": "@angular_common_http.js",
      "fileHash": "8fb21ee6",
      "needsInterop": false
    },
    "@angular/core": {
      "src": "../../../../../../node_modules/@angular/core/fesm2022/core.mjs",
      "file": "@angular_core.js",
      "fileHash": "9754149f",
      "needsInterop": false
    },
    "@angular/forms": {
      "src": "../../../../../../node_modules/@angular/forms/fesm2022/forms.mjs",
      "file": "@angular_forms.js",
      "fileHash": "7a6d13fb",
      "needsInterop": false
    },
    "@angular/platform-browser": {
      "src": "../../../../../../node_modules/@angular/platform-browser/fesm2022/platform-browser.mjs",
      "file": "@angular_platform-browser.js",
      "fileHash": "73171ccb",
      "needsInterop": false
    },
    "@angular/router": {
      "src": "../../../../../../node_modules/@angular/router/fesm2022/router.mjs",
      "file": "@angular_router.js",
      "fileHash": "dd536e86",
      "needsInterop": false
    }
  },
  "chunks": {
    "chunk-HD65EW3E": {
      "file": "chunk-HD65EW3E.js"
    },
    "chunk-POAXI77E": {
      "file": "chunk-POAXI77E.js"
    },
    "chunk-FAHFZITR": {
      "file": "chunk-FAHFZITR.js"
    },
    "chunk-F5BRNNIR": {
      "file": "chunk-F5BRNNIR.js"
    }
  }
}