{
  "hash": "e2cbceab",
  "configHash": "bbe88c22",
  "lockfileHash": "701630c6",
  "browserHash": "f6e71ae1",
  "optimized": {
    "@angular/common/http": {
      "src": "../../../../../../node_modules/@angular/common/fesm2022/http.mjs",
      "file": "@angular_common_http.js",
      "fileHash": "3cf902d3",
      "needsInterop": false
    },
    "@angular/core": {
      "src": "../../../../../../node_modules/@angular/core/fesm2022/core.mjs",
      "file": "@angular_core.js",
      "fileHash": "4f2e5c12",
      "needsInterop": false
    },
    "@angular/forms": {
      "src": "../../../../../../node_modules/@angular/forms/fesm2022/forms.mjs",
      "file": "@angular_forms.js",
      "fileHash": "2ca70ca0",
      "needsInterop": false
    },
    "@angular/platform-browser": {
      "src": "../../../../../../node_modules/@angular/platform-browser/fesm2022/platform-browser.mjs",
      "file": "@angular_platform-browser.js",
      "fileHash": "97ec2eb9",
      "needsInterop": false
    },
    "@angular/platform-server": {
      "src": "../../../../../../node_modules/@angular/platform-server/fesm2022/platform-server.mjs",
      "file": "@angular_platform-server.js",
      "fileHash": "eeee2616",
      "needsInterop": false
    },
    "@angular/router": {
      "src": "../../../../../../node_modules/@angular/router/fesm2022/router.mjs",
      "file": "@angular_router.js",
      "fileHash": "40558aed",
      "needsInterop": false
    }
  },
  "chunks": {
    "chunk-AX3ZPC5M": {
      "file": "chunk-AX3ZPC5M.js"
    },
    "chunk-COG2KMPV": {
      "file": "chunk-COG2KMPV.js"
    },
    "chunk-JFUDDWHO": {
      "file": "chunk-JFUDDWHO.js"
    },
    "chunk-TW4XVQZD": {
      "file": "chunk-TW4XVQZD.js"
    },
    "xhr2-ISERFGGE": {
      "file": "xhr2-ISERFGGE.js"
    },
    "chunk-NQ4HTGF6": {
      "file": "chunk-NQ4HTGF6.js"
    }
  }
}